variant	3SS	5SS
chr19_49102234_Mutated	121	49
chr19_807899_Mutated	31	-3
chr19_807794_Mutated	-74	-108
chr19_49102164_Mutated	51	-21
chr19_49102084_Mutated	-29	-101
chr19_807932_Mutated	64	30
chr19_49102201_Mutated	88	16
chr22_35778032_Mutated	7	-46
chr19_807927_Mutated	59	25
chr22_35778010_Mutated	-15	-68
chr19_49102047_Mutated	-66	-138
chr19_49102238_Mutated	125	53
chr19_49102223_Mutated	110	38
chr19_49102236_Mutated	123	51
chr19_807973_Mutated	105	71
chr19_49102157_Mutated	44	-28
chr19_49102029_Mutated	-84	-156
chr19_807803_Mutated	-65	-99
chr22_35778083_Mutated	58	5
chr22_35778094_Mutated	69	16
chr19_807906_Mutated	38	4
chr19_807963_Mutated	95	61
chr19_49102095_Mutated	-18	-90
chr19_807815_Mutated	-53	-87
chr19_49102119_Mutated	6	-66
chr19_807907_Mutated	39	5
chr19_807831_Mutated	-37	-71
chr19_49102099_Mutated	-14	-86
chr19_807870_Mutated	2	-32
chr19_49102015_Mutated	-98	-170
chr19_807876_Mutated	8	-26
chr19_807818_Mutated	-50	-84
chr19_49102232_Mutated	119	47
chr19_807808_Mutated	-60	-94
chr22_35778042_Mutated	17	-36
chr22_35778089_Mutated	64	11
chr19_807962_Mutated	94	60
chr19_807952_Mutated	84	50
chr22_35778008_Mutated	-17	-70
chr22_35778078_Mutated	53	0
chr19_807970_Mutated	102	68
chr19_807877_Mutated	9	-25
chr19_807953_Mutated	85	51
chr19_807839_Mutated	-29	-63
chr19_807901_Mutated	33	-1
chr19_807909_Mutated	41	7
chr19_807862_Mutated	-6	-40
chr19_49102123_Mutated	10	-62
chr19_49102202_Mutated	89	17
chr22_35778114_Mutated	89	36
chr19_807793_Mutated	-75	-109
chr22_35778096_Mutated	71	18
chr19_807788_Mutated	-80	-114
chr19_807845_Mutated	-23	-57
chr19_49102198_Mutated	85	13
chr19_807957_Mutated	89	55
chr19_49102114_Mutated	1	-71
chr22_35778077_Mutated	52	-1
chr19_807920_Mutated	52	18
chr19_49102067_Mutated	-46	-118
chr19_49102211_Mutated	98	26
chr19_807868_Mutated	0	-34
chr19_49102177_Mutated	64	-8
chr19_807790_Mutated	-78	-112
chr19_807943_Mutated	75	41
chr19_807894_Mutated	26	-8
chr19_807835_Mutated	-33	-67
chr19_807913_Mutated	45	11
chr19_807902_Mutated	34	0
chr19_807847_Mutated	-21	-55
chr22_35778045_Mutated	20	-33
chr19_49102078_Mutated	-35	-107
chr22_35778118_Mutated	93	40
chr19_807782_Mutated	-86	-120
chr19_807898_Mutated	30	-4
chr19_807771_Mutated	-97	-131
chr22_35778067_Mutated	42	-11
chr19_49102107_Mutated	-6	-78
chr19_49102204_Mutated	91	19
chr19_49102090_Mutated	-23	-95
chr19_807905_Mutated	37	3
chr22_35778043_Mutated	18	-35
chr22_35778007_Mutated	-18	-71
chr19_49102061_Mutated	-52	-124
chr19_807850_Mutated	-18	-52
chr19_49102120_Mutated	7	-65
chr19_49102219_Mutated	106	34
chr22_35778026_Mutated	1	-52
chr19_807785_Mutated	-83	-117
chr19_807945_Mutated	77	43
chr19_49102109_Mutated	-4	-76
chr19_807838_Mutated	-30	-64
chr19_49102066_Mutated	-47	-119
chr19_807861_Mutated	-7	-41
chr22_35778011_Mutated	-14	-67
chr22_35778085_Mutated	60	7
chr22_35778098_Mutated	73	20
chr19_807797_Mutated	-71	-105
chr19_49102205_Mutated	92	20
chr22_35778081_Mutated	56	3
chr19_807948_Mutated	80	46
chr19_49102024_Mutated	-89	-161
chr22_35778091_Mutated	66	13
chr19_807940_Mutated	72	38
chr19_49102150_Mutated	37	-35
chr22_35778022_Mutated	-3	-56
chr19_807776_Mutated	-92	-126
chr19_49102228_Mutated	115	43
chr22_35778072_Mutated	47	-6
chr22_35778037_Mutated	12	-41
chr19_807792_Mutated	-76	-110
chr22_35778079_Mutated	54	1
chr22_35778033_Mutated	8	-45
chr19_49102039_Mutated	-74	-146
chr19_49102121_Mutated	8	-64
chr22_35778066_Mutated	41	-12
chr19_49102218_Mutated	105	33
chr19_807910_Mutated	42	8
chr19_807769_Mutated	-99	-133
chr19_49102113_Mutated	0	-72
chr22_35778059_Mutated	34	-19
chr19_807817_Mutated	-51	-85
chr19_49102239_Mutated	126	54
chr19_49102050_Mutated	-63	-135
chr19_807865_Mutated	-3	-37
chr19_807895_Mutated	27	-7
chr19_807805_Mutated	-63	-97
chr22_35778097_Mutated	72	19
chr19_807807_Mutated	-61	-95
chr19_49102127_Mutated	14	-58
chr19_807964_Mutated	96	62
chr22_35778115_Mutated	90	37
chr19_49102044_Mutated	-69	-141
chr19_807780_Mutated	-88	-122
chr19_49102142_Mutated	29	-43
chr19_807965_Mutated	97	63
chr19_807758_Mutated	-110	-144
chr19_49102185_Mutated	72	0
chr22_35778111_Mutated	86	33
chr19_49102154_Mutated	41	-31
chr19_49102083_Mutated	-30	-102
chr19_807828_Mutated	-40	-74
chr19_49102040_Mutated	-73	-145
chr22_35778107_Mutated	82	29
chr19_807841_Mutated	-27	-61
chr19_807911_Mutated	43	9
chr22_35778018_Mutated	-7	-60
chr19_807931_Mutated	63	29
chr19_49102128_Mutated	15	-57
chr19_807781_Mutated	-87	-121
chr19_807763_Mutated	-105	-139
chr19_807822_Mutated	-46	-80
chr22_35778029_Mutated	4	-49
chr19_49102193_Mutated	80	8
chr19_49102087_Mutated	-26	-98
chr22_35778060_Mutated	35	-18
chr19_807783_Mutated	-85	-119
chr19_49102190_Mutated	77	5
chr22_35778019_Mutated	-6	-59
chr19_807800_Mutated	-68	-102
chr22_35778036_Mutated	11	-42
chr19_807869_Mutated	1	-33
chr19_49102097_Mutated	-16	-88
chr19_49102058_Mutated	-55	-127
chr19_807960_Mutated	92	58
chr19_49102178_Mutated	65	-7
chr19_49102051_Mutated	-62	-134
chr19_49102195_Mutated	82	10
chr22_35778087_Mutated	62	9
chr22_35778102_Mutated	77	24
chr19_49102192_Mutated	79	7
chr19_49102037_Mutated	-76	-148
chr19_807837_Mutated	-31	-65
chr19_49102214_Mutated	101	29
chr22_35778051_Mutated	26	-27
chr19_807886_Mutated	18	-16
chr22_35778028_Mutated	3	-50
chr19_807882_Mutated	14	-20
chr19_807832_Mutated	-36	-70
chr19_807795_Mutated	-73	-107
chr22_35778099_Mutated	74	21
chr19_807848_Mutated	-20	-54
chr22_35778101_Mutated	76	23
chr19_807804_Mutated	-64	-98
chr19_49102071_Mutated	-42	-114
chr19_807757_Mutated	-111	-145
chr19_807759_Mutated	-109	-143
chr22_35778016_Mutated	-9	-62
chr19_49102052_Mutated	-61	-133
chr19_807904_Mutated	36	2
chr19_807867_Mutated	-1	-35
chr19_49102131_Mutated	18	-54
chr19_49102220_Mutated	107	35
chr19_807887_Mutated	19	-15
chr22_35778106_Mutated	81	28
chr19_807944_Mutated	76	42
chr19_49102174_Mutated	61	-11
chr19_49102103_Mutated	-10	-82
chr19_49102208_Mutated	95	23
chr19_807968_Mutated	100	66
chr19_49102187_Mutated	74	2
chr19_807812_Mutated	-56	-90
chr19_49102026_Mutated	-87	-159
chr19_807864_Mutated	-4	-38
chr19_49102166_Mutated	53	-19
chr19_49102020_Mutated	-93	-165
chr19_807856_Mutated	-12	-46
chr19_807908_Mutated	40	6
chr19_807972_Mutated	104	70
chr19_49102141_Mutated	28	-44
chr19_49102226_Mutated	113	41
chr19_49102145_Mutated	32	-40
chr19_49102133_Mutated	20	-52
chr19_807873_Mutated	5	-29
chr22_35778023_Mutated	-2	-55
chr19_807923_Mutated	55	21
chr19_807929_Mutated	61	27
chr19_807903_Mutated	35	1
chr19_49102171_Mutated	58	-14
chr22_35778090_Mutated	65	12
chr22_35778013_Mutated	-12	-65
chr19_807809_Mutated	-59	-93
chr19_49102215_Mutated	102	30
chr19_49102184_Mutated	71	-1
chr19_49102165_Mutated	52	-20
chr19_807969_Mutated	101	67
chr19_49102094_Mutated	-19	-91
chr19_807934_Mutated	66	32
chr22_35778040_Mutated	15	-38
chr19_807823_Mutated	-45	-79
chr19_49102035_Mutated	-78	-150
chr19_49102091_Mutated	-22	-94
chr19_49102036_Mutated	-77	-149
chr19_807918_Mutated	50	16
chr19_49102168_Mutated	55	-17
chr19_807772_Mutated	-96	-130
chr22_35778112_Mutated	87	34
chr19_49102186_Mutated	73	1
chr19_49102143_Mutated	30	-42
chr19_807950_Mutated	82	48
chr19_49102149_Mutated	36	-36
chr19_807874_Mutated	6	-28
chr19_49102167_Mutated	54	-18
chr22_35778046_Mutated	21	-32
chr19_807846_Mutated	-22	-56
chr22_35778039_Mutated	14	-39
chr19_807762_Mutated	-106	-140
chr19_49102085_Mutated	-28	-100
chr19_807881_Mutated	13	-21
chr19_807921_Mutated	53	19
chr19_807849_Mutated	-19	-53
chr19_49102206_Mutated	93	21
chr22_35778100_Mutated	75	22
chr19_49102200_Mutated	87	15
chr19_807935_Mutated	67	33
chr19_49102060_Mutated	-53	-125
chr22_35778056_Mutated	31	-22
chr19_49102172_Mutated	59	-13
chr19_49102065_Mutated	-48	-120
chr19_49102023_Mutated	-90	-162
chr19_49102031_Mutated	-82	-154
chr19_49102033_Mutated	-80	-152
chr19_807775_Mutated	-93	-127
chr19_49102117_Mutated	4	-68
chr19_49102046_Mutated	-67	-139
chr19_49102122_Mutated	9	-63
chr19_807765_Mutated	-103	-137
chr22_35778049_Mutated	24	-29
chr19_49102235_Mutated	122	50
chr19_807924_Mutated	56	22
chr19_807761_Mutated	-107	-141
chr22_35778024_Mutated	-1	-54
chr19_49102237_Mutated	124	52
chr22_35778061_Mutated	36	-17
chr19_49102032_Mutated	-81	-153
chr19_49102030_Mutated	-83	-155
chr19_49102075_Mutated	-38	-110
chr19_49102180_Mutated	67	-5
chr19_49102146_Mutated	33	-39
chr19_49102216_Mutated	103	31
chr19_807816_Mutated	-52	-86
chr19_49102042_Mutated	-71	-143
chr19_49102210_Mutated	97	25
chr19_49102209_Mutated	96	24
chr19_49102207_Mutated	94	22
chr19_807830_Mutated	-38	-72
chr19_807755_Mutated	-113	-147
chr19_807959_Mutated	91	57
chr22_35778113_Mutated	88	35
chr19_807829_Mutated	-39	-73
chr19_807883_Mutated	15	-19
chr22_35778057_Mutated	32	-21
chr19_807914_Mutated	46	12
chr19_49102163_Mutated	50	-22
chr19_49102034_Mutated	-79	-151
chr19_807754_Mutated	-114	-148
chr19_807814_Mutated	-54	-88
chr19_49102148_Mutated	35	-37
chr19_49102125_Mutated	12	-60
chr19_807863_Mutated	-5	-39
chr19_49102196_Mutated	83	11
chr22_35778031_Mutated	6	-47
chr19_807789_Mutated	-79	-113
chr19_49102096_Mutated	-17	-89
chr19_49102144_Mutated	31	-41
chr22_35778063_Mutated	38	-15
chr22_35778014_Mutated	-11	-64
chr19_49102136_Mutated	23	-49
chr19_49102063_Mutated	-50	-122
chr19_807971_Mutated	103	69
chr19_49102139_Mutated	26	-46
chr19_807855_Mutated	-13	-47
chr19_49102027_Mutated	-86	-158
chr19_49102158_Mutated	45	-27
chr19_807796_Mutated	-72	-106
chr22_35778054_Mutated	29	-24
chr22_35778117_Mutated	92	39
chr19_49102053_Mutated	-60	-132
chr19_49102077_Mutated	-36	-108
chr19_49102227_Mutated	114	42
chr19_49102074_Mutated	-39	-111
chr19_49102156_Mutated	43	-29
chr19_49102221_Mutated	108	36
chr19_807825_Mutated	-43	-77
chr19_49102182_Mutated	69	-3
chr19_807857_Mutated	-11	-45
chr19_807843_Mutated	-25	-59
chr19_49102130_Mutated	17	-55
chr19_807842_Mutated	-26	-60
chr22_35778082_Mutated	57	4
chr19_49102028_Mutated	-85	-157
chr19_49102134_Mutated	21	-51
chr19_49102112_Mutated	-1	-73
chr19_49102111_Mutated	-2	-74
chr19_49102073_Mutated	-40	-112
chr19_49102138_Mutated	25	-47
chr19_807840_Mutated	-28	-62
chr19_49102231_Mutated	118	46
chr22_35778034_Mutated	9	-44
chr19_807951_Mutated	83	49
chr22_35778006_Mutated	-19	-72
chr19_49102068_Mutated	-45	-117
chr19_49102229_Mutated	116	44
chr22_35778116_Mutated	91	38
chr19_49102197_Mutated	84	12
chr19_807751_Mutated	-117	-151
chr22_35778017_Mutated	-8	-61
chr19_807752_Mutated	-116	-150
chr22_35778038_Mutated	13	-40
chr22_35778110_Mutated	85	32
chr22_35778074_Mutated	49	-4
chr19_49102160_Mutated	47	-25
chr19_807784_Mutated	-84	-118
chr19_807844_Mutated	-24	-58
chr22_35778119_Mutated	94	41
chr22_35778084_Mutated	59	6
chr19_807798_Mutated	-70	-104
chr19_49102045_Mutated	-68	-140
chr19_807821_Mutated	-47	-81
chr19_807922_Mutated	54	20
chr19_807834_Mutated	-34	-68
chr19_49102199_Mutated	86	14
chr19_49102088_Mutated	-25	-97
chr19_49102048_Mutated	-65	-137
chr19_807859_Mutated	-9	-43
chr19_49102043_Mutated	-70	-142
chr19_807806_Mutated	-62	-96
chr22_35778065_Mutated	40	-13
chr19_49102213_Mutated	100	28
chr22_35778053_Mutated	28	-25
chr19_49102179_Mutated	66	-6
chr19_49102151_Mutated	38	-34
chr22_35778044_Mutated	19	-34
chr19_807890_Mutated	22	-12
chr19_49102059_Mutated	-54	-126
chr19_49102093_Mutated	-20	-92
chr19_807897_Mutated	29	-5
chr22_35778035_Mutated	10	-43
chr19_807961_Mutated	93	59
chr22_35778025_Mutated	0	-53
chr22_35778048_Mutated	23	-30
chr19_49102016_Mutated	-97	-169
chr22_35778071_Mutated	46	-7
chr19_49102194_Mutated	81	9
chr19_49102161_Mutated	48	-24
chr19_49102101_Mutated	-12	-84
chr19_49102203_Mutated	90	18
chr22_35778088_Mutated	63	10
chr19_807900_Mutated	32	-2
chr19_49102081_Mutated	-32	-104
chr19_49102049_Mutated	-64	-136
chr19_807958_Mutated	90	56
chr22_35778073_Mutated	48	-5
chr19_807854_Mutated	-14	-48
chr19_49102092_Mutated	-21	-93
chr19_807774_Mutated	-94	-128
chr19_807872_Mutated	4	-30
chr19_807915_Mutated	47	13
chr19_49102224_Mutated	111	39
chr22_35778052_Mutated	27	-26
chr22_35778121_Mutated	96	43
chr19_807891_Mutated	23	-11
chr19_49102155_Mutated	42	-30
chr19_807946_Mutated	78	44
chr19_49102240_Mutated	127	55
chr19_807770_Mutated	-98	-132
chr19_49102135_Mutated	22	-50
chr19_807756_Mutated	-112	-146
chr19_49102222_Mutated	109	37
chr19_49102126_Mutated	13	-59
chr22_35778120_Mutated	95	42
chr19_49102153_Mutated	40	-32
chr22_35778055_Mutated	30	-23
chr19_807764_Mutated	-104	-138
chr19_49102162_Mutated	49	-23
chr19_807858_Mutated	-10	-44
chr19_807810_Mutated	-58	-92
chr19_49102118_Mutated	5	-67
chr19_807836_Mutated	-32	-66
chr19_49102116_Mutated	3	-69
chr19_807860_Mutated	-8	-42
chr19_807753_Mutated	-115	-149
chr19_49102025_Mutated	-88	-160
chr19_807799_Mutated	-69	-103
chr22_35778093_Mutated	68	15
chr19_807942_Mutated	74	40
chr22_35778075_Mutated	50	-3
chr19_49102100_Mutated	-13	-85
chr22_35778109_Mutated	84	31
chr19_49102054_Mutated	-59	-131
chr19_807949_Mutated	81	47
chr19_807819_Mutated	-49	-83
chr22_35778105_Mutated	80	27
chr22_35778103_Mutated	78	25
chr22_35778021_Mutated	-4	-57
chr19_49102072_Mutated	-41	-113
chr19_807916_Mutated	48	14
chr19_49102108_Mutated	-5	-77
chr22_35778041_Mutated	16	-37
chr19_807833_Mutated	-35	-69
chr19_49102022_Mutated	-91	-163
chr19_807893_Mutated	25	-9
chr19_807866_Mutated	-2	-36
chr19_807768_Mutated	-100	-134
chr19_807875_Mutated	7	-27
chr19_49102018_Mutated	-95	-167
chr19_807937_Mutated	69	35
chr19_49102175_Mutated	62	-10
chr19_807880_Mutated	12	-22
chr19_49102176_Mutated	63	-9
chr19_49102106_Mutated	-7	-79
chr22_35778047_Mutated	22	-31
chr19_807947_Mutated	79	45
chr19_807956_Mutated	88	54
chr19_807919_Mutated	51	17
chr19_49102159_Mutated	46	-26
chr22_35778086_Mutated	61	8
chr19_807871_Mutated	3	-31
chr22_35778064_Mutated	39	-14
chr19_49102098_Mutated	-15	-87
chr19_49102038_Mutated	-75	-147
chr19_807912_Mutated	44	10
chr19_807925_Mutated	57	23
chr19_49102056_Mutated	-57	-129
chr19_807938_Mutated	70	36
chr22_35778070_Mutated	45	-8
chr19_807773_Mutated	-95	-129
chr19_807928_Mutated	60	26
chr19_49102062_Mutated	-51	-123
chr22_35778069_Mutated	44	-9
chr22_35778104_Mutated	79	26
chr19_807779_Mutated	-89	-123
chr19_807878_Mutated	10	-24
chr19_49102140_Mutated	27	-45
chr19_49102076_Mutated	-37	-109
chr19_49102152_Mutated	39	-33
chr19_49102070_Mutated	-43	-115
chr19_807892_Mutated	24	-10
chr19_807926_Mutated	58	24
chr19_49102230_Mutated	117	45
chr19_807954_Mutated	86	52
chr22_35778027_Mutated	2	-51
chr19_807933_Mutated	65	31
chr19_49102115_Mutated	2	-70
chr19_807760_Mutated	-108	-142
chr19_807851_Mutated	-17	-51
chr19_807778_Mutated	-90	-124
chr22_35778080_Mutated	55	2
chr19_807936_Mutated	68	34
chr19_49102181_Mutated	68	-4
chr19_807941_Mutated	73	39
chr22_35778009_Mutated	-16	-69
chr22_35778062_Mutated	37	-16
chr19_807777_Mutated	-91	-125
chr19_807885_Mutated	17	-17
chr22_35778030_Mutated	5	-48
chr19_807955_Mutated	87	53
chr19_49102057_Mutated	-56	-128
chr19_807767_Mutated	-101	-135
chr19_49102233_Mutated	120	48
chr19_49102170_Mutated	57	-15
chr19_49102019_Mutated	-94	-166
chr19_49102189_Mutated	76	4
chr19_807811_Mutated	-57	-91
chr19_807820_Mutated	-48	-82
chr19_49102225_Mutated	112	40
chr19_807827_Mutated	-41	-75
chr19_49102183_Mutated	70	-2
chr19_807889_Mutated	21	-13
chr19_49102089_Mutated	-24	-96
chr19_807888_Mutated	20	-14
chr22_35778058_Mutated	33	-20
chr19_807853_Mutated	-15	-49
chr22_35778076_Mutated	51	-2
chr19_807787_Mutated	-81	-115
chr19_807802_Mutated	-66	-100
chr19_49102137_Mutated	24	-48
chr19_49102173_Mutated	60	-12
chr22_35778068_Mutated	43	-10
chr19_807884_Mutated	16	-18
chr19_807966_Mutated	98	64
chr19_807791_Mutated	-77	-111
chr19_807917_Mutated	49	15
chr19_807930_Mutated	62	28
chr19_49102102_Mutated	-11	-83
chr22_35778015_Mutated	-10	-63
chr19_807879_Mutated	11	-23
chr19_49102104_Mutated	-9	-81
chr19_49102105_Mutated	-8	-80
chr19_49102212_Mutated	99	27
chr19_807939_Mutated	71	37
chr19_49102079_Mutated	-34	-106
chr19_49102132_Mutated	19	-53
chr19_807967_Mutated	99	65
chr19_807786_Mutated	-82	-116
chr22_35778020_Mutated	-5	-58
chr19_49102169_Mutated	56	-16
chr19_49102017_Mutated	-96	-168
chr22_35778012_Mutated	-13	-66
chr19_807801_Mutated	-67	-101
chr19_49102242_Mutated	129	57
chr22_35778108_Mutated	83	30
chr19_49102217_Mutated	104	32
chr19_49102082_Mutated	-31	-103
chr22_35778050_Mutated	25	-28
chr19_49102064_Mutated	-49	-121
chr19_49102080_Mutated	-33	-105
chr22_35778092_Mutated	67	14
chr19_49102191_Mutated	78	6
chr19_49102241_Mutated	128	56
chr19_807826_Mutated	-42	-76
chr19_807852_Mutated	-16	-50
chr19_807896_Mutated	28	-6
chr22_35778095_Mutated	70	17
chr19_49102086_Mutated	-27	-99
chr19_49102021_Mutated	-92	-164
chr19_49102188_Mutated	75	3
chr19_49102055_Mutated	-58	-130
chr19_49102069_Mutated	-44	-116
chr19_49102129_Mutated	16	-56
chr19_49102147_Mutated	34	-38
chr19_49102041_Mutated	-72	-144
chr19_807813_Mutated	-55	-89
chr19_49102124_Mutated	11	-61
chr19_49102110_Mutated	-3	-75
chr19_807824_Mutated	-44	-78
chr19_807766_Mutated	-102	-136